ticker,expiration,option_type,snapshot_time_utc,source,contractSymbol,lastTradeDate,strike,lastPrice,bid,ask,change,percentChange,volume,openInterest,impliedVolatility,inTheMoney,contractSize,currency,mid_price,bid_ask_spread,spread_pct,expiration_datetime_utc,snapshot_datetime_utc,days_to_expiry,time_to_maturity,underlying_price,moneyness,log_moneyness,flag_missing_bid_ask,flag_negative_bid_ask,flag_crossed_market,flag_zero_bid,flag_zero_ask,flag_invalid_mid,flag_wide_spread,flag_missing_strike,flag_nonpositive_strike,flag_missing_expiration,flag_expired_contract,flag_low_liquidity,is_excluded,exclusion_reason,IV_ask,IV_bid,IV_mid,IV_range,IV_relative_range,moneyness_bucket,expiry_bucket,liquidity_bucket,delta_ask,delta_bid,Delta_mid,gamma_ask,gamma_bid,Gamma_mid,rho_ask,rho_bid,Rho_mid,theta_ask,theta_bid,Theta_mid,vega_ask,vega_bid,Vega_mid,Delta_range,Gamma_range,Vega_range,Theta_range,Rho_range
SPY,2026-06-21,call,2026-06-14T16:00:00+00:00,sample,SPY20260621C00540000,2026-06-14T16:00:00+00:00,540.0,66.6,0.0,70.76,0.0,0.0,260,2020,0.2538,True,REGULAR,USD,35.38,70.76,2.0,2026-06-21 23:59:59+00:00,2026-06-14 16:00:00+00:00,7.33332175925926,0.020077540750880928,600.0,1.1111111111111112,-0.10536051565782628,False,False,False,True,False,False,True,False,False,False,False,False,True,zero bid,,,,,,far_below_spot,8_to_30_days,very_wide_spread,,,,,,,,,,,,,,,,,,,,
SPY,2026-06-21,put,2026-06-14T16:00:00+00:00,sample,SPY20260621P00540000,2026-06-14T16:00:00+00:00,540.0,6.6,6.19,7.01,0.0,0.0,260,2020,0.2538,False,REGULAR,USD,6.6,0.8199999999999994,0.12424242424242415,2026-06-21 23:59:59+00:00,2026-06-14 16:00:00+00:00,7.33332175925926,0.020077540750880928,600.0,1.1111111111111112,-0.10536051565782628,False,False,False,False,False,False,False,False,False,False,False,False,False,retained,0.8453235982080384,0.8067842018664033,0.8262380643829054,0.03853939634163506,0.04664442126667098,far_below_spot,8_to_30_days,wide_spread,-0.17201736203953089,-0.16210771516007993,-0.16718606788737267,0.0035478094649503827,0.0035777361869915487,0.0035640261865743277,-2.212954915968872,-2.0771145314660893,-2.1465228253874935,-451.92092907368834,-415.03702392851176,-433.67278656375765,21.67685626123238,20.863094053746234,21.284286785709007,0.00990964687945095,2.9926722041166004e-05,0.8137622074861461,36.883905145176584,0.1358403845027829
SPY,2026-06-21,call,2026-06-14T16:00:00+00:00,sample,SPY20260621C00560000,2026-06-14T16:00:00+00:00,560.0,47.7,45.5,49.9,0.0,0.0,340,2180,0.2283,True,REGULAR,USD,47.7,4.399999999999999,0.0922431865828092,2026-06-21 23:59:59+00:00,2026-06-14 16:00:00+00:00,7.33332175925926,0.020077540750880928,600.0,1.0714285714285714,-0.06899287148695143,False,False,False,False,False,False,False,False,False,False,False,False,False,retained,0.7499114821662588,0.5716085629444664,0.6641217331615779,0.17830291922179242,0.2684792716735444,below_spot,8_to_30_days,moderate_spread,0.7611410427369276,0.8165346048223951,0.7848709221790466,0.004863360699348846,0.005464368406122134,0.005176816946296242,8.167234893713259,8.92287597714734,8.49726805812147,-508.57042926351875,-339.1502316119265,-427.91837580741355,26.36085553439069,22.576245266641095,24.849835486385672,0.05539356208546753,0.0006010077067732881,3.7846102677495956,169.42019765159228,0.7556410834340817
SPY,2026-06-21,put,2026-06-14T16:00:00+00:00,sample,SPY20260621P00560000,2026-06-14T16:00:00+00:00,560.0,7.7,7.35,8.05,0.0,0.0,340,2180,0.2283,False,REGULAR,USD,7.7,0.7000000000000011,0.09090909090909105,2026-06-21 23:59:59+00:00,2026-06-14 16:00:00+00:00,7.33332175925926,0.020077540750880928,600.0,1.0714285714285714,-0.06899287148695143,False,False,False,False,False,False,False,False,False,False,False,False,False,retained,0.6958965904073364,0.668121483422829,0.6820824809986278,0.02777510698450747,0.040721038522851825,below_spot,8_to_30_days,moderate_spread,-0.22448450707580725,-0.2163460828415219,-0.2205040862845209,0.005062656569695749,0.005162680399874308,0.0051127613821436305,-2.8658823045958908,-2.7537883027871337,-2.8109049306884564,-435.59693866551873,-409.3326737659904,-422.5556898842114,25.464560974536308,24.9312293556182,25.206087298441233,0.008138424234285346,0.00010002383017855901,0.5333316189181083,26.264264899528314,0.11209400180875706
SPY,2026-06-21,call,2026-06-14T16:00:00+00:00,sample,SPY20260621C00580000,2026-06-14T16:00:00+00:00,580.0,28.8,27.93,29.67,0.0,0.0,420,2340,0.2037,True,REGULAR,USD,28.8,1.740000000000002,0.060416666666666737,2026-06-21 23:59:59+00:00,2026-06-14 16:00:00+00:00,7.33332175925926,0.020077540750880928,600.0,1.0344827586206897,-0.03390155167568134,False,False,False,False,False,False,False,False,False,False,False,False,False,retained,0.5273144417461959,0.46833914068243854,0.49803768916915914,0.05897530106375737,0.1184153375262456,slightly_below_spot,8_to_30_days,moderate_spread,0.6921080099364899,0.7109441185689145,0.7009254560922135,0.007845994614409896,0.008583809401616491,0.008200089531755666,7.74179543297204,8.003639994240606,7.865482476024483,-408.12283454590863,-354.84695054989214,-381.7835211163101,29.90409668482596,29.057184929309106,29.518468437395256,0.018836108632424575,0.0007378147872065949,0.846911755516853,53.27588399601649,0.2618445612685658
SPY,2026-06-21,put,2026-06-14T16:00:00+00:00,sample,SPY20260621P00580000,2026-06-14T16:00:00+00:00,580.0,8.8,8.53,8.28,0.0,0.0,420,2340,0.2037,False,REGULAR,USD,8.405,-0.25,-0.0297441998810232,2026-06-21 23:59:59+00:00,2026-06-14 16:00:00+00:00,7.33332175925926,0.020077540750880928,600.0,1.0344827586206897,-0.03390155167568134,False,False,True,False,False,False,False,False,False,False,False,False,True,crossed market,,,,,,slightly_below_spot,8_to_30_days,tight_spread,,,,,,,,,,,,,,,,,,,,
SPY,2026-06-21,call,2026-06-14T16:00:00+00:00,sample,SPY20260621C00600000,2026-06-14T16:00:00+00:00,600.0,9.9,9.75,10.05,0.0,0.0,500,2500,0.18,False,REGULAR,USD,9.9,0.3000000000000007,0.030303030303030373,2026-06-21 23:59:59+00:00,2026-06-14 16:00:00+00:00,7.33332175925926,0.020077540750880928,600.0,1.0,0.0,False,False,False,False,False,False,False,False,False,False,False,False,False,retained,0.28929235564262235,0.2804400990884509,0.2848662273655366,0.008852256554171434,0.03107513528731623,near_atm,8_to_30_days,moderate_spread,0.5159883773366899,0.5159848977685582,0.5159847223867366,0.016207560059050694,0.016719167067993694,0.016459392168964786,6.014087316918555,6.0200686691451715,6.0170549216735045,-256.1358428532281,-248.67680160148453,-252.4063232154083,33.8896914097923,33.88970326734867,33.88970386494064,3.4795681317367766e-06,0.0005116070089429998,1.1857556373229272e-05,7.459041251743571,0.00598135222661611
SPY,2026-06-21,put,2026-06-14T16:00:00+00:00,sample,SPY20260621P00600000,2026-06-14T16:00:00+00:00,600.0,9.9,9.75,10.05,0.0,0.0,500,2500,0.18,False,REGULAR,USD,9.9,0.3000000000000007,0.030303030303030373,2026-06-21 23:59:59+00:00,2026-06-14 16:00:00+00:00,7.33332175925926,0.020077540750880928,600.0,1.0,0.0,False,False,False,False,False,False,False,False,False,False,False,False,False,retained,0.30350517347900763,0.2946529169248361,0.29907904520192186,0.008852256554171545,0.029598384427752148,near_atm,8_to_30_days,moderate_spread,-0.483975956741873,-0.4840023148142234,-0.4839907906266889,0.015448522141611467,0.01591268427776142,0.015677171218469264,-6.032007478189519,-6.026301747212973,-6.029174549876168,-244.1309735168109,-236.67198726902203,-240.40148783224691,33.88956971976818,33.8896596781217,33.889620365063436,2.6358072350407546e-05,0.00046416213614995476,8.995835352010317e-05,7.458986247788886,0.005705730976545809
SPY,2026-06-21,call,2026-06-14T16:00:00+00:00,sample,SPY20260621C00620000,2026-06-14T16:00:00+00:00,620.0,8.8,8.54,9.06,0.0,0.0,420,2340,0.203,False,REGULAR,USD,8.8,0.5200000000000014,0.05909090909090924,2026-06-21 23:59:59+00:00,2026-06-14 16:00:00+00:00,7.33332175925926,0.020077540750880928,600.0,0.967741935483871,0.03278982282299097,False,False,False,False,False,False,False,False,False,False,False,False,False,retained,0.49532357358568335,0.4785128691998889,0.4869337372237761,0.01681070438579446,0.03452359756717557,slightly_above_spot,8_to_30_days,moderate_spread,0.3370030612872887,0.3307445359299681,0.3339240774679014,0.008671415434868077,0.008910016476636359,0.00878922281968072,3.877813101374668,3.8128599441867803,3.8459422052865637,-390.6742798086161,-374.8263568949109,-382.77569238072454,31.04502454209779,30.81663015509992,30.933805971008635,0.006258525357320577,0.00023860104176828129,0.22839438699786996,15.847922913705247,0.06495315718788763
SPY,2026-06-21,put,2026-06-14T16:00:00+00:00,sample,SPY20260621P00620000,2026-06-14T16:00:00+00:00,620.0,28.8,27.94,29.66,0.0,0.0,420,2340,0.203,True,REGULAR,USD,28.8,1.7199999999999989,0.059722222222222184,2026-06-21 23:59:59+00:00,2026-06-14 16:00:00+00:00,7.33332175925926,0.020077540750880928,600.0,0.967741935483871,0.03278982282299097,False,False,False,False,False,False,False,False,False,False,False,False,False,retained,0.530441673314696,0.4751914196605216,0.502968929456791,0.055250253654174464,0.10984824393396432,slightly_above_spot,8_to_30_days,moderate_spread,-0.6509901990972058,-0.6705350175239848,-0.6602651916681563,0.008204960965088796,0.00895837086781697,0.008566240527418187,-8.437669206669145,-8.638582972087976,-8.532133944900503,-398.7408021168559,-346.904687754414,-373.0739119800019,31.457714925264092,30.76880609152018,31.141852190048162,0.01954481842677902,0.0007534099027281735,0.6889088337439127,51.83611436244189,0.20091376541883044
SPY,2026-06-21,call,2026-06-14T16:00:00+00:00,sample,SPY20260621C00640000,2026-06-14T16:00:00+00:00,640.0,7.7,7.36,8.04,0.0,0.0,340,2180,0.2252,False,REGULAR,USD,7.699999999999999,0.6799999999999988,0.08831168831168816,2026-06-21 23:59:59+00:00,2026-06-14 16:00:00+00:00,7.33332175925926,0.020077540750880928,600.0,0.9375,0.06453852113757116,False,False,False,False,False,False,False,False,False,False,False,False,False,retained,0.6420842240149846,0.6169897608873156,0.6296005924570505,0.025094463127668942,0.039857750180533405,above_spot,8_to_30_days,moderate_spread,0.2562174867798835,0.2465705357646225,0.25148449266377354,0.0058970590822473535,0.006013662103504799,0.005955411548342278,2.925106789195294,2.822547283855221,2.874917022831498,-443.44240122456426,-417.68991827535956,-430.65483595096634,27.367838302415045,26.81822288964191,27.101287513601577,0.009646951015260974,0.0001166030212574453,0.5496154127731359,25.752482949204705,0.10255950534007319
SPY,2026-06-21,put,2026-06-14T16:00:00+00:00,sample,SPY20260621P00640000,2026-06-14T16:00:00+00:00,640.0,47.7,45.6,49.8,0.0,0.0,340,2180,0.2252,True,REGULAR,USD,47.7,4.199999999999996,0.08805031446540872,2026-06-21 23:59:59+00:00,2026-06-14 16:00:00+00:00,7.33332175925926,0.020077540750880928,600.0,0.9375,0.06453852113757116,False,False,False,False,False,False,False,False,False,False,False,False,False,retained,0.7229198222012799,0.5694865635090564,0.6484188181302788,0.15343325869222357,0.2366267825703296,above_spot,8_to_30_days,moderate_spread,-0.7159970131994793,-0.7732216473596694,-0.7414293653956741,0.005514635810321849,0.006222114439181841,0.005867254816919086,-9.625137053488205,-10.230169335765343,-9.889345672844842,-499.58780616105184,-342.84512799175724,-424.3342003803929,28.815090412837783,25.611469239906427,27.498156369830685,0.05722463416019008,0.000707478628859992,3.2036211729313564,156.7426781692946,0.6050322822771381
SPY,2026-06-21,call,2026-06-14T16:00:00+00:00,sample,SPY20260621C00660000,2026-06-14T16:00:00+00:00,660.0,6.6,,6.98,0.0,0.0,260,2020,0.2467,False,REGULAR,USD,,,,2026-06-21 23:59:59+00:00,2026-06-14 16:00:00+00:00,7.33332175925926,0.020077540750880928,600.0,0.9090909090909091,0.09531017980432493,True,False,False,False,False,True,True,False,False,False,False,False,True,missing bid/ask,,,,,,above_spot,8_to_30_days,very_wide_spread,,,,,,,,,,,,,,,,,,,,
SPY,2026-06-21,put,2026-06-14T16:00:00+00:00,sample,SPY20260621P00660000,2026-06-14T16:00:00+00:00,660.0,66.6,62.74,70.46,0.0,0.0,260,2020,0.2467,True,REGULAR,USD,66.6,7.719999999999992,0.1159159159159158,2026-06-21 23:59:59+00:00,2026-06-14 16:00:00+00:00,7.33332175925926,0.020077540750880928,600.0,0.9090909090909091,0.09531017980432493,False,False,False,False,False,False,False,False,False,False,False,False,False,retained,0.9117267913652233,0.5833051898313483,0.762028452099899,0.328421601533875,0.43098338471333114,above_spot,8_to_30_days,wide_spread,-0.747600171673352,-0.8647939084169458,-0.7942548163787453,0.004120452412997753,0.00438277073480966,0.0043950984769699965,-10.420647269937879,-11.67742586938102,-10.90517427857909,-595.7587301614639,-245.15415156088002,-437.6659495161262,27.153301165521793,18.4781126481821,24.207660179641223,0.11719373674359379,0.0002623183218119071,8.675188517339691,350.60457860058386,1.256778599443141
SPY,2026-07-19,call,2026-06-14T16:00:00+00:00,sample,SPY20260719C00540000,2026-06-14T16:00:00+00:00,540.0,72.0,67.51,76.49,0.0,0.0,340,2220,0.2638,True,REGULAR,USD,72.0,8.97999999999999,0.12472222222222208,2026-07-19 23:59:59+00:00,2026-06-14 16:00:00+00:00,35.333321759259256,0.09673736279057976,600.0,1.1111111111111112,-0.10536051565782628,False,False,False,False,False,False,False,False,False,False,False,False,False,retained,0.5332457173879911,0.35721485226481964,0.45070170141250454,0.17603086512317145,0.39057066918427114,far_below_spot,31_to_90_days,wide_spread,0.7708109791147636,0.8505258959504787,0.802143388972604,0.003045337306797569,0.0034894448355561403,0.003307052922501532,37.34029189351606,42.83583992399014,39.59325147474715,-171.30990834414425,-97.85932975327198,-137.2897447737459,56.55350464407642,43.409280653749676,51.90713836648292,0.07971491683571508,0.0004441075287585712,13.144223990326743,73.45057859087227,5.495548030474083
SPY,2026-07-19,put,2026-06-14T16:00:00+00:00,sample,SPY20260719P00540000,2026-06-14T16:00:00+00:00,540.0,12.0,11.25,12.75,0.0,0.0,340,2220,0.2638,False,REGULAR,USD,12.0,1.5,0.125,2026-07-19 23:59:59+00:00,2026-06-14 16:00:00+00:00,35.333321759259256,0.09673736279057976,600.0,1.1111111111111112,-0.10536051565782628,False,False,False,False,False,False,False,False,False,False,False,False,False,retained,0.5036208178757411,0.4760205573564228,0.4899195381743814,0.027600260519318298,0.05633631314678104,far_below_spot,31_to_90_days,wide_spread,-0.21897659354422538,-0.20845483127346354,-0.21388151152727763,0.0031420542160635785,0.0032302324704357836,0.0031862170707704592,-13.94333229600759,-13.187517691368676,-13.575048368097315,-137.68224136543452,-126.29923087223708,-132.04355334138802,55.10792934716347,53.54960002355691,54.36217999424689,0.010521762270761847,8.817825437220511e-05,1.5583293236065572,11.383010493197446,0.755814604638914
SPY,2026-07-19,call,2026-06-14T16:00:00+00:00,sample,SPY20260719C00560000,2026-06-14T16:00:00+00:00,560.0,54.0,51.51,56.49,0.0,0.0,420,2380,0.2383,True,REGULAR,USD,54.0,4.980000000000004,0.0922222222222223,2026-07-19 23:59:59+00:00,2026-06-14 16:00:00+00:00,35.333321759259256,0.09673736279057976,600.0,1.0714285714285714,-0.06899287148695143,False,False,False,False,False,False,False,False,False,False,False,False,False,retained,0.4313276625379082,0.34790231755987744,0.3904206491073836,0.08342534497803078,0.21368066768180843,below_spot,31_to_90_days,moderate_spread,0.7291356420440213,0.7665296493319413,0.7456124242364353,0.004114344520704275,0.004716161455921196,0.004401752263830146,36.85610185131789,39.50829246287834,38.05333017297871,-153.0201641378937,-119.08488795550142,-136.50597554271798,61.80231047554182,57.1403282405616,59.84875492087705,0.037394007287920084,0.0006018169352169211,4.661982234980222,33.93527618239227,2.6521906115604494
SPY,2026-07-19,put,2026-06-14T16:00:00+00:00,sample,SPY20260719P00560000,2026-06-14T16:00:00+00:00,560.0,14.0,13.36,14.64,0.0,0.0,420,2380,0.2383,False,REGULAR,USD,14.0,1.2800000000000011,0.09142857142857151,2026-07-19 23:59:59+00:00,2026-06-14 16:00:00+00:00,35.333321759259256,0.09673736279057976,600.0,1.0714285714285714,-0.06899287148695143,False,False,False,False,False,False,False,False,False,False,False,False,False,retained,0.43637932281035374,0.41559032583113564,0.42602264532293577,0.0207889969792181,0.0487978683937318,below_spot,31_to_90_days,moderate_spread,-0.27268945337217965,-0.2648970792947918,-0.26890134649394626,0.004080329510924049,0.004222498424672346,0.004150438263469282,-17.24379011879116,-16.667678068082672,-16.962007365955994,-132.7306729058555,-124.38029927705048,-128.57767023497536,62.009202342353284,61.11272793702183,61.57768921876797,0.007792374077387865,0.00014216891374829645,0.8964744053314533,8.350373628805016,0.5761120507084883
SPY,2026-07-19,call,2026-06-14T16:00:00+00:00,sample,SPY20260719C00580000,2026-06-14T16:00:00+00:00,580.0,36.0,34.91,37.09,0.0,0.0,500,2540,0.2137,True,REGULAR,USD,36.0,2.180000000000007,0.060555555555555744,2026-07-19 23:59:59+00:00,2026-06-14 16:00:00+00:00,35.333321759259256,0.09673736279057976,600.0,1.0344827586206897,-0.03390155167568134,False,False,False,False,False,False,False,False,False,False,False,False,False,retained,0.3337458261015396,0.3015987565500532,0.3177308621907998,0.032147069551486385,0.10117704440112532,slightly_below_spot,31_to_90_days,moderate_spread,0.6612114642550126,0.6734850061769753,0.6669918152121038,0.005875007874703115,0.00640687703119528,0.006129828804977244,34.7903232522288,35.713596670650446,35.23127247220207,-132.17662038602813,-119.66784370202411,-125.956123424603,68.28432811717029,67.2934322397245,67.82729404524804,0.012273541921962616,0.0005318691564921646,0.9908958774457943,12.508776684004019,0.923273418421644
SPY,2026-07-19,put,2026-06-14T16:00:00+00:00,sample,SPY20260719P00580000,2026-06-14T16:00:00+00:00,580.0,16.0,15.52,16.48,0.0,0.0,500,2540,0.2137,False,REGULAR,USD,16.0,0.9600000000000009,0.06000000000000005,2026-07-19 23:59:59+00:00,2026-06-14 16:00:00+00:00,35.333321759259256,0.09673736279057976,600.0,1.0344827586206897,-0.03390155167568134,False,False,False,False,False,False,False,False,False,False,False,False,False,retained,0.35751362048700275,0.34353920255558745,0.350534569905417,0.013974417931415295,0.03986601930641518,slightly_below_spot,31_to_90_days,moderate_spread,-0.3463190361701033,-0.34203273121553246,-0.3442265778049508,0.005530203023737808,0.005728342773141118,0.005627573270405531,-21.69542590168868,-21.353770527231116,-21.527540647162876,-118.26184935236846,-112.86019528484462,-115.56589194359987,68.85419606887376,68.53336323425935,68.69873772678307,0.00428630495457083,0.0001981397494033102,0.32083283461440715,5.401654067523836,0.341655374457563
SPY,2026-07-19,call,2026-06-14T16:00:00+00:00,sample,SPY20260719C00600000,2026-06-14T16:00:00+00:00,600.0,18.0,17.73,62.055,0.0,0.0,580,2700,0.19,False,REGULAR,USD,39.8925,44.325,1.1111111111111112,2026-07-19 23:59:59+00:00,2026-06-14 16:00:00+00:00,35.333321759259256,0.09673736279057976,600.0,1.0,0.0,False,False,False,False,False,False,True,False,False,False,False,False,True,wide spread,,,,,,near_atm,31_to_90_days,very_wide_spread,,,,,,,,,,,,,,,,,,,,
SPY,2026-07-19,put,2026-06-14T16:00:00+00:00,sample,SPY20260719P00600000,2026-06-14T16:00:00+00:00,600.0,18.0,17.73,18.27,0.0,0.0,580,2700,0.19,False,REGULAR,USD,18.0,0.5399999999999991,0.029999999999999954,2026-07-19 23:59:59+00:00,2026-06-14 16:00:00+00:00,35.333321759259256,0.09673736279057976,600.0,1.0,0.0,False,False,False,False,False,False,False,False,False,False,False,False,False,retained,0.26124637354146313,0.25396470837623075,0.2576055642419066,0.007281665165232376,0.028266723145756543,near_atm,31_to_90_days,tight_spread,-0.46483932251844484,-0.46474672372434345,-0.4647968575517176,0.008151176533143853,0.008384714064916882,0.008266301320525698,-28.74778972718305,-28.690176889006644,-28.719205900364823,-88.2497723980118,-85.48050075609233,-86.86512395023765,74.15958894604474,74.15806195223412,74.15888918041884,9.259879410139504e-05,0.00023353753177302906,0.0015269938106143854,2.769271641919474,0.057612838176407166
SPY,2026-07-19,call,2026-06-14T16:00:00+00:00,sample,SPY20260719C00620000,2026-06-14T16:00:00+00:00,620.0,16.0,15.52,16.48,0.0,0.0,500,2540,0.213,False,REGULAR,USD,16.0,0.9600000000000009,0.06000000000000005,2026-07-19 23:59:59+00:00,2026-06-14 16:00:00+00:00,35.333321759259256,0.09673736279057976,600.0,0.967741935483871,0.03278982282299097,False,False,False,False,False,False,False,False,False,False,False,False,False,retained,0.32148645697472056,0.3081941023076382,0.31484624010446494,0.01329235466708234,0.0422185593281088,slightly_above_spot,31_to_90_days,moderate_spread,0.4054618067385891,0.3998342100108255,0.40269896534362304,0.006462059802581133,0.006716647698961424,0.006586929745743595,21.939751837308055,21.705980383359858,21.82582372405356,-129.28970185698228,-123.81007484226092,-126.55580975878391,72.3486446649722,72.08976958761819,72.22345948394697,0.00562759672776364,0.00025458789638029174,0.2588750773540056,5.479627014721359,0.2337714539481972
SPY,2026-07-19,put,2026-06-14T16:00:00+00:00,sample,SPY20260719P00620000,2026-06-14T16:00:00+00:00,620.0,36.0,34.93,37.07,0.0,0.0,500,2540,0.213,True,REGULAR,USD,36.0,2.1400000000000006,0.05944444444444446,2026-07-19 23:59:59+00:00,2026-06-14 16:00:00+00:00,35.333321759259256,0.09673736279057976,600.0,0.967741935483871,0.03278982282299097,False,False,False,False,False,False,False,False,False,False,False,False,False,retained,0.36254916888212974,0.3331419007855897,0.3478668714297768,0.02940726809654004,0.08453598348032526,slightly_above_spot,31_to_90_days,moderate_spread,-0.5792950507086405,-0.5899059214882756,-0.5844139209174756,0.005779643328332112,0.006253356165790332,0.006007288655836831,-37.209739324498216,-37.618602030234186,-37.40334199885815,-121.3578327077256,-109.36857091450288,-115.3850967647324,72.97341932347038,72.55029268402144,72.77602258751264,0.010610870779635073,0.0004737128374582202,0.42312663944893814,11.989261793222724,0.40886270573597017
SPY,2026-07-19,call,2026-06-14T16:00:00+00:00,sample,SPY20260719C00640000,2026-06-14T16:00:00+00:00,640.0,14.0,13.38,14.62,0.0,0.0,420,2380,0.2352,False,REGULAR,USD,14.0,1.2399999999999984,0.08857142857142845,2026-07-19 23:59:59+00:00,2026-06-14 16:00:00+00:00,35.333321759259256,0.09673736279057976,600.0,0.9375,0.06453852113757116,False,False,False,False,False,False,False,False,False,False,False,False,False,retained,0.3870157717084681,0.36852028649569846,0.3777978221052867,0.01849548521276967,0.048956039793197244,above_spot,31_to_90_days,moderate_spread,0.32858405695180615,0.31846399889313604,0.3236352372117414,0.0050056325174383035,0.0051894784140026715,0.005096130828895268,17.65751282248508,17.190074498664096,17.430248579463825,-142.2561603068482,-133.9662733350742,-138.13507690553573,67.46590826656684,66.60116935252476,67.04968829601762,0.010120058058670112,0.00018384589656436807,0.8647389140420785,8.289886971773996,0.4674383238209856
SPY,2026-07-19,put,2026-06-14T16:00:00+00:00,sample,SPY20260719P00640000,2026-06-14T16:00:00+00:00,640.0,54.0,51.62,56.38,0.0,0.0,420,2380,0.2352,True,REGULAR,USD,54.0,4.760000000000005,0.08814814814814824,2026-07-19 23:59:59+00:00,2026-06-14 16:00:00+00:00,35.333321759259256,0.09673736279057976,600.0,0.9375,0.06453852113757116,False,False,False,False,False,False,False,False,False,False,False,False,False,retained,0.4486700402487648,0.37916468672177384,0.4142372261595483,0.06950535352699094,0.16779118132714646,above_spot,31_to_90_days,moderate_spread,-0.6424365167485095,-0.6756192977760077,-0.6578021185635116,0.0044576758642478525,0.005082569224587443,0.004751553217265372,-42.74262109317098,-44.208160093215376,-43.40424289927868,-143.8496063434294,-113.24632496259511,-128.8122928321037,69.65179306908834,67.11319736202854,68.54589748574925,0.033182781027498165,0.0006248933603395903,2.538595707059798,30.60328138083429,1.4655390000443944
SPY,2026-07-19,call,2026-06-14T16:00:00+00:00,sample,SPY20260719C00660000,2026-06-14T16:00:00+00:00,660.0,12.0,11.31,12.69,0.0,0.0,340,2220,0.2567,False,REGULAR,USD,12.0,1.379999999999999,0.11499999999999992,2026-07-19 23:59:59+00:00,2026-06-14 16:00:00+00:00,35.333321759259256,0.09673736279057976,600.0,0.9090909090909091,0.09531017980432493,False,False,False,False,False,False,False,False,False,False,False,False,False,retained,0.43598007421569157,0.41342572770968267,0.4247740213968736,0.022554346506008904,0.053097283190338976,above_spot,31_to_90_days,wide_spread,0.27207998106390274,0.2588709652752873,0.2656355509475594,0.004079529405951015,0.004194808579918163,0.004137050107465873,14.564582767917443,13.931397117004659,14.257281263802545,-145.59996085203775,-134.8169344783209,-140.25809550245802,61.94032123514473,60.395751785577936,61.19916173612131,0.013209015788615441,0.00011527917396714823,1.5445694495667937,10.783026373716865,0.6331856509127842
SPY,2026-07-19,put,2026-06-14T16:00:00+00:00,sample,SPY20260719P00660000,2026-06-14T16:00:00+00:00,660.0,72.0,67.83,76.17,0.0,0.0,0,0,0.2567,True,REGULAR,USD,72.0,8.340000000000003,0.11583333333333339,2026-07-19 23:59:59+00:00,2026-06-14 16:00:00+00:00,35.333321759259256,0.09673736279057976,600.0,0.9090909090909091,0.09531017980432493,False,False,False,False,False,False,False,False,False,False,False,True,True,low liquidity,,,,,,above_spot,31_to_90_days,low_activity,,,,,,,,,,,,,,,,,,,,
SPY,2026-09-18,call,2026-06-14T16:00:00+00:00,sample,SPY20260918C00540000,2026-06-14T16:00:00+00:00,540.0,78.6,73.69,83.51,0.0,0.0,420,2420,0.2738,True,REGULAR,USD,78.6,9.820000000000007,0.12493638676844794,2026-09-18 23:59:59+00:00,2026-06-14 16:00:00+00:00,96.33332175925926,0.26374626080563796,600.0,1.1111111111111112,-0.10536051565782628,False,False,False,False,False,False,False,False,False,False,False,False,False,retained,0.3703344280024151,0.2598258740686309,0.3175788703770209,0.11050855393378423,0.34797199764137804,far_below_spot,91_to_180_days,wide_spread,0.759451921097007,0.8252017386741094,0.7858878420351183,0.0027276244073143776,0.0032173369874760036,0.0029786875832605504,98.15611242701402,111.15086199843996,103.6345317772592,-82.2221259005714,-55.95337901535357,-69.79282260568189,95.91078993373915,79.37207987283718,89.81841081113312,0.06574981757710241,0.000489712580161626,16.538710060901977,26.26874688521783,12.994749571425942
SPY,2026-09-18,put,2026-06-14T16:00:00+00:00,sample,SPY20260918P00540000,2026-06-14T16:00:00+00:00,540.0,18.6,17.44,19.76,0.0,0.0,420,2420,0.2738,False,REGULAR,USD,18.6,2.3200000000000003,0.12473118279569893,2026-09-18 23:59:59+00:00,2026-06-14 16:00:00+00:00,96.33332175925926,0.26374626080563796,600.0,1.1111111111111112,-0.10536051565782628,False,False,False,False,False,False,False,False,False,False,False,False,False,retained,0.3901385515559521,0.36612356558217296,0.37819722902475483,0.024014985973779157,0.06349857727859572,far_below_spot,91_to_180_days,wide_spread,-0.24866733868949875,-0.23870676121485512,-0.2438758670461908,0.002635873591863225,0.0027474479641331666,0.002690882901162083,-44.5626745048138,-42.374544163576275,-43.498489148428774,-65.45781488357844,-59.86486159883064,-62.682358697928294,97.64100891994207,95.50936793199953,96.62776926267482,0.009960577474643628,0.00011157437226994157,2.131640987942532,5.592953284747793,2.1881303412375246
SPY,2026-09-18,call,2026-06-14T16:00:00+00:00,sample,SPY20260918C00560000,2026-06-14T16:00:00+00:00,560.0,61.7,58.86,64.54,0.0,0.0,500,2580,0.2483,True,REGULAR,USD,61.7,5.680000000000007,0.09205834683954629,2026-09-18 23:59:59+00:00,2026-06-14 16:00:00+00:00,96.33332175925926,0.26374626080563796,600.0,1.0714285714285714,-0.06899287148695143,False,False,False,False,False,False,False,False,False,False,False,False,False,retained,0.3150365092684049,0.25920427225374987,0.2875108290459457,0.055832237014655006,0.1941917707932063,below_spot,91_to_180_days,moderate_spread,0.7165200504757283,0.7466856401696492,0.7299080571326718,0.003488388306284385,0.004006419315696483,0.003732828288776053,96.3655068170354,102.637222664662,99.23316818907628,-76.93368385121843,-64.01822367445665,-70.59146311128,104.34569130574697,98.6023733317193,101.90160670779609,0.030165589693920913,0.0005180310094120978,5.743317974027661,12.915460176761783,6.271715847626609
SPY,2026-09-18,put,2026-06-14T16:00:00+00:00,sample,SPY20260918P00560000,2026-06-14T16:00:00+00:00,560.0,21.7,20.7,22.7,0.0,0.0,500,2580,0.2483,False,REGULAR,USD,21.7,2.0,0.09216589861751152,2026-09-18 23:59:59+00:00,2026-06-14 16:00:00+00:00,96.33332175925926,0.26374626080563796,600.0,1.0714285714285714,-0.06899287148695143,False,False,False,False,False,False,False,False,False,False,False,False,False,retained,0.35323641065981426,0.3344243875936921,0.343855516891567,0.018812023066122174,0.05470909187725624,below_spot,91_to_180_days,moderate_spread,-0.2983415363357569,-0.29149903674358957,-0.2950366695997233,0.0031863461799415474,0.0033297893583192455,0.003256619911380436,-53.19891869480111,-51.58861615415658,-52.41218469200545,-63.496096831237,-59.20848147264559,-61.36042947852515,106.86788956736959,105.7312857460393,106.32414096083147,0.006842499592167317,0.00014344317837769807,1.136603821330283,4.28761535859141,1.6103025406445255
SPY,2026-09-18,call,2026-06-14T16:00:00+00:00,sample,SPY20260918C00580000,2026-06-14T16:00:00+00:00,580.0,44.8,43.44,46.16,0.0,0.0,580,2740,0.2237,True,REGULAR,USD,44.8,2.719999999999999,0.06071428571428569,2026-09-18 23:59:59+00:00,2026-06-14 16:00:00+00:00,96.33332175925926,0.26374626080563796,600.0,1.0344827586206897,-0.03390155167568134,False,False,False,False,False,False,False,False,False,False,False,False,False,retained,0.2614140395110379,0.23733291102123819,0.24940737540107402,0.024081128489799736,0.09655339362388413,slightly_below_spot,91_to_180_days,moderate_spread,0.6547694584975179,0.6648154258796265,0.6594952249606119,0.004575094763656111,0.004982725843610386,0.004770460504528212,91.44127036335495,93.7484119132071,92.54780720457725,-70.14499924967515,-64.73704981311191,-67.44942933485471,113.55802067513042,112.28293867828523,112.9687722322127,0.010045967382108612,0.0004076310799542753,1.2750819968451879,5.407949436563243,2.3071415498521475
SPY,2026-09-18,put,2026-06-14T16:00:00+00:00,sample,SPY20260918P00580000,2026-06-14T16:00:00+00:00,580.0,24.8,24.05,25.55,0.0,0.0,580,2740,0.2237,False,REGULAR,USD,24.8,1.5,0.06048387096774193,2026-09-18 23:59:59+00:00,2026-06-14 16:00:00+00:00,96.33332175925926,0.26374626080563796,600.0,1.0344827586206897,-0.03390155167568134,False,False,False,False,False,False,False,False,False,False,False,False,False,retained,0.3092559402154925,0.29621945706138586,0.3027430164892767,0.01303648315410666,0.0430612184065637,slightly_below_spot,91_to_180_days,moderate_spread,-0.3596880891335652,-0.35633872676867195,-0.35806292257220595,0.003924784457350945,0.004084163785063886,0.004002921319331419,-63.658550193144634,-62.73290138668425,-63.20356146817114,-57.91089589552372,-54.99227253207346,-56.45308511668895,115.24515420888925,114.86971502672525,115.06414100761198,0.003349362364893249,0.00015937932771294128,0.3754391821640013,2.9186233634502656,0.9256488064603872
SPY,2026-09-18,call,2026-06-14T16:00:00+00:00,sample,SPY20260918C00600000,2026-06-14T16:00:00+00:00,600.0,27.9,27.48,28.32,0.0,0.0,660,2900,0.2,False,REGULAR,USD,27.9,0.8399999999999999,0.030107526881720425,2026-09-18 23:59:59+00:00,2026-06-14 16:00:00+00:00,96.33332175925926,0.26374626080563796,600.0,1.0,0.0,False,False,False,False,False,False,False,False,False,False,False,False,False,retained,0.2049131875273381,0.19799877071950397,0.20145621195401817,0.006914416807834112,0.03432218217928325,near_atm,91_to_180_days,moderate_spread,0.5607486495907822,0.5614288910125633,0.561076926712144,0.00624484043462742,0.006461205697825697,0.006351190882680065,81.26792181285276,81.59711544560697,81.4306442901092,-59.5242623582475,-57.969446747225696,-58.74674982461726,121.50106005282503,121.46883699357721,121.48555470620848,0.0006802414217811359,0.00021636526319827702,0.0322230592478121,1.5548156110218017,0.32919363275421176
SPY,2026-09-18,put,2026-06-14T16:00:00+00:00,sample,SPY20260918P00600000,2026-06-14T16:00:00+00:00,600.0,27.9,27.48,28.32,0.0,0.0,660,2900,0.2,False,REGULAR,USD,27.9,0.8399999999999999,0.030107526881720425,2026-09-18 23:59:59+00:00,2026-06-14 16:00:00+00:00,96.33332175925926,0.26374626080563796,600.0,1.0,0.0,False,False,False,False,False,False,False,False,False,False,False,False,False,retained,0.2567040441699828,0.24979746909665873,0.2532508125126641,0.006906575073324095,0.027271679821278847,near_atm,91_to_180_days,moderate_spread,-0.44198406288859304,-0.4418107555869788,-0.4419033633849955,0.004990085555583468,0.005127725840437236,0.00505797743467181,-77.41228038294351,-77.16330819802614,-77.2887365370687,-47.449252440477586,-45.890828352049056,-46.67001497393226,121.62686548233151,121.6190601608503,121.62323389845304,0.000173307301614245,0.00013764028485376782,0.007805321481214378,1.5584240884285308,0.2489721849173634
SPY,2026-09-18,call,2026-06-14T16:00:00+00:00,sample,SPY20260918C00620000,2026-06-14T16:00:00+00:00,620.0,24.8,24.06,25.54,0.0,0.0,580,2740,0.223,False,REGULAR,USD,24.799999999999997,1.4800000000000004,0.05967741935483874,2026-09-18 23:59:59+00:00,2026-06-14 16:00:00+00:00,96.33332175925926,0.26374626080563796,600.0,0.967741935483871,0.03278982282299097,False,False,False,False,False,False,False,False,False,False,False,False,False,retained,0.25626745886077174,0.24415639351107363,0.250213826083595,0.012111065349698108,0.04840286222093847,slightly_above_spot,91_to_180_days,moderate_spread,0.4589100017777319,0.45435243303510847,0.45667144542545834,0.005025281762571975,0.005267955883421517,0.005143784935695162,65.88539896862467,65.55451796234462,65.72632426152678,-69.39680880849366,-66.46839452578126,-67.93472631031025,122.27641344702405,122.12344378980012,122.20329557352167,0.004557568742623419,0.0002426741208495422,0.15296965722393452,2.928414282712396,0.3308810062800518
SPY,2026-09-18,put,2026-06-14T16:00:00+00:00,sample,SPY20260918P00620000,2026-06-14T16:00:00+00:00,620.0,44.8,43.47,46.13,0.0,0.0,580,2740,0.223,True,REGULAR,USD,44.8,2.6600000000000037,0.05937500000000009,2026-09-18 23:59:59+00:00,2026-06-14 16:00:00+00:00,96.33332175925926,0.26374626080563796,600.0,0.967741935483871,0.03278982282299097,False,False,False,False,False,False,False,False,False,False,False,False,False,retained,0.3141820954828839,0.2924977065330576,0.3033426949751359,0.021684388949826272,0.07148479033458735,slightly_above_spot,91_to_180_days,moderate_spread,-0.5227907320480227,-0.5290752885527774,-0.5258603077247114,0.004114099347922542,0.004414563230648381,0.004259105564377218,-94.89707530224959,-95.19002713704653,-95.03204670096032,-58.70660500957739,-53.547152562221385,-56.13101304065369,122.72838487710618,122.60241328442903,122.67067564800513,0.006284556504754679,0.0003004638827258394,0.1259715926771463,5.159452447356003,0.29295183479693776
SPY,2026-09-18,call,2026-06-14T16:00:00+00:00,sample,SPY20260918C00640000,2026-06-14T16:00:00+00:00,640.0,21.7,20.74,22.66,0.0,0.0,500,2580,0.2452,False,REGULAR,USD,21.7,1.9200000000000017,0.08847926267281114,2026-09-18 23:59:59+00:00,2026-06-14 16:00:00+00:00,96.33332175925926,0.26374626080563796,600.0,0.9375,0.06453852113757116,False,False,False,False,False,False,False,False,False,False,False,False,False,retained,0.2927412100847159,0.2764205116603281,0.28459621837870586,0.01632069842438777,0.057346856249053106,above_spot,91_to_180_days,moderate_spread,0.3882289418467389,0.37853460796020627,0.3834978254976553,0.004247909079347337,0.004464958430638627,0.004353830106846314,55.45986867418491,54.432155112672476,54.964376492797804,-73.93736432151461,-69.66400900290218,-71.81087818985895,118.0722633595384,117.18620724240088,117.64931834586277,0.009694333886532625,0.00021704935129128987,0.8860561171375139,4.273355318612431,1.027713561512435
SPY,2026-09-18,put,2026-06-14T16:00:00+00:00,sample,SPY20260918P00640000,2026-06-14T16:00:00+00:00,640.0,61.7,58.98,64.42,0.0,0.0,500,2580,0.2452,True,REGULAR,USD,61.7,5.440000000000005,0.08816855753646685,2026-09-18 23:59:59+00:00,2026-06-14 16:00:00+00:00,96.33332175925926,0.26374626080563796,600.0,0.9375,0.06453852113757116,False,False,False,False,False,False,False,False,False,False,False,False,False,retained,0.3636851027992013,0.3183312298552263,0.34107434609612997,0.04535387294397497,0.13297356855795958,above_spot,91_to_180_days,moderate_spread,-0.5775657013135593,-0.5981258125878272,-0.5873129439110738,0.0034924186612451955,0.003943457768668625,0.0037046365555116127,-108.38901042024472,-110.2078224010559,-109.21410016330037,-66.70924444212118,-55.215471325768775,-61.01049601176658,120.5981440031461,119.1914912367383,119.97298790549458,0.020560111274267823,0.00045103910742342983,1.4066527664078023,11.4937731163524,1.8188119808111907
SPY,2026-09-18,call,2026-06-14T16:00:00+00:00,sample,SPY20260918C00660000,2026-06-14T16:00:00+00:00,660.0,18.6,17.52,19.68,0.0,0.0,420,2420,0.2667,False,REGULAR,USD,18.6,2.16,0.11612903225806452,2026-09-18 23:59:59+00:00,2026-06-14 16:00:00+00:00,96.33332175925926,0.26374626080563796,600.0,0.9090909090909091,0.09531017980432493,False,False,False,False,False,False,False,False,False,False,False,False,False,retained,0.31876975231500515,0.2992822411206123,0.30906887480056844,0.019487511194392848,0.06305232517175167,above_spot,91_to_180_days,wide_spread,0.3314551374796652,0.3175304593837532,0.32468392318955175,0.003693421936038239,0.003865183463407068,0.003777691412968795,47.261505532620596,45.627648264983996,46.47482210633853,-74.7224341392674,-69.23664041663173,-72.00295637321027,111.78791119187255,109.8347768881352,110.85889924817907,0.013924678095912024,0.00017176152736882904,1.9531343037373574,5.485793722635677,1.6338572676365999
SPY,2026-09-18,put,2026-06-14T16:00:00+00:00,sample,SPY20260918P00660000,2026-06-14T16:00:00+00:00,660.0,78.6,74.05,83.15,0.0,0.0,420,2420,0.2667,True,REGULAR,USD,78.6,9.100000000000009,0.1157760814249365,2026-09-18 23:59:59+00:00,2026-06-14 16:00:00+00:00,96.33332175925926,0.26374626080563796,600.0,0.9090909090909091,0.09531017980432493,False,False,False,False,False,False,False,False,False,False,False,False,False,retained,0.4091414770852383,0.3303130276574212,0.3701310085663515,0.07882844942781708,0.2129744539187559,above_spot,91_to_180_days,wide_spread,-0.6172747113736327,-0.6608708151589371,-0.6371548252764838,0.0030266747315345257,0.0035964203074551142,0.0032891081443818643,-119.61283996673379,-124.11173461166683,-121.55877745988538,-73.05739836514216,-51.80793725645525,-62.67189334862299,117.57854233220371,112.79372931805898,115.59057810131925,0.04359610378530443,0.0005697455759205885,4.784813014144731,21.249461108686916,4.498894644933046
